{"cameraMode":{"drawMode":0,"name":"Shaded","section":"Shading Mode"},"sceneLighting":true,"audioPlay":false,"sceneViewState":{"showFog":true,"showMaterialUpdate":false,"showSkybox":true,"showFlares":true,"showImageEffects":true,"showParticleSystems":true},"in2DMode":false,"pivot":{"x":156.9094696044922,"y":501.3662109375,"z":-63.9049072265625},"rotation":{"x":-0.1283496916294098,"y":0.06688842177391052,"z":0.008676787838339806,"w":0.9894337058067322},"size":643.1710205078125,"orthographic":false}