{"cameraMode":{"drawMode":0,"name":"Shaded","section":"Shading Mode"},"sceneLighting":false,"audioPlay":false,"sceneViewState":{"showFog":true,"showMaterialUpdate":false,"showSkybox":false,"showFlares":true,"showImageEffects":true,"showParticleSystems":true},"in2DMode":false,"pivot":{"x":-4.76837158203125e-7,"y":1.6298903226852418,"z":-0.00012803077697753906},"rotation":{"x":-0.3410332202911377,"y":-0.24272382259368897,"z":0.09175810217857361,"w":-0.9036739468574524},"size":5.877910614013672,"orthographic":false}