{"cameraMode":{"drawMode":0,"name":"Shaded","section":"Shading Mode"},"sceneLighting":false,"audioPlay":false,"sceneViewState":{"showFog":true,"showMaterialUpdate":false,"showSkybox":false,"showFlares":true,"showImageEffects":true,"showParticleSystems":true},"in2DMode":false,"pivot":{"x":0.0001270771026611328,"y":1.600313425064087,"z":-0.00012677907943725586},"rotation":{"x":0.2784889042377472,"y":0.4086208641529083,"z":-0.13247635960578919,"w":0.8590326905250549},"size":2.620222806930542,"orthographic":true}