{"cameraMode":{"drawMode":0,"name":"Shaded","section":"Shading Mode"},"sceneLighting":false,"audioPlay":false,"sceneViewState":{"showFog":true,"showMaterialUpdate":false,"showSkybox":false,"showFlares":true,"showImageEffects":true,"showParticleSystems":true},"in2DMode":false,"pivot":{"x":-0.0021011829376220705,"y":0.5542302131652832,"z":0.0004811882972717285},"rotation":{"x":0.2784889042377472,"y":0.4086208641529083,"z":-0.13247635960578919,"w":0.8590326905250549},"size":1.717405080795288,"orthographic":true}