{"cameraMode":{"drawMode":0,"name":"Shaded","section":"Shading Mode"},"sceneLighting":false,"audioPlay":false,"sceneViewState":{"showFog":true,"showMaterialUpdate":false,"showSkybox":false,"showFlares":true,"showImageEffects":true,"showParticleSystems":true},"in2DMode":false,"pivot":{"x":-0.00010466575622558594,"y":1.6499905586242676,"z":0.000016450881958007813},"rotation":{"x":0.2784889042377472,"y":0.4086208641529083,"z":-0.13247635960578919,"w":0.8590326905250549},"size":4.014650344848633,"orthographic":true}