{"cameraMode":{"drawMode":0,"name":"Shaded","section":"Shading Mode"},"sceneLighting":false,"audioPlay":false,"sceneViewState":{"showFog":true,"showMaterialUpdate":false,"showSkybox":false,"showFlares":true,"showImageEffects":true,"showParticleSystems":true},"in2DMode":false,"pivot":{"x":-10.489944458007813,"y":173.158935546875,"z":-10.013015747070313},"rotation":{"x":0.11055678874254227,"y":-0.6652576327323914,"z":0.10054375976324082,"w":0.7315107583999634},"size":169.24215698242188,"orthographic":true}