{"cameraMode":{"drawMode":0,"name":"Shaded","section":"Shading Mode"},"sceneLighting":false,"audioPlay":false,"sceneViewState":{"showFog":true,"showMaterialUpdate":false,"showSkybox":false,"showFlares":true,"showImageEffects":true,"showParticleSystems":true},"in2DMode":false,"pivot":{"x":-0.00001621246337890625,"y":0.870112419128418,"z":-0.00006556510925292969},"rotation":{"x":0.2784889042377472,"y":0.4086208641529083,"z":-0.13247635960578919,"w":0.8590326905250549},"size":6.736299991607666,"orthographic":true}