{"cameraMode":{"drawMode":0,"name":"Shaded","section":"Shading Mode"},"sceneLighting":false,"audioPlay":false,"sceneViewState":{"showFog":true,"showMaterialUpdate":false,"showSkybox":false,"showFlares":true,"showImageEffects":true,"showParticleSystems":true},"in2DMode":false,"pivot":{"x":30.62497329711914,"y":6.9281325340271,"z":84.5718994140625},"rotation":{"x":0.2784889042377472,"y":0.4086208641529083,"z":-0.13247635960578919,"w":0.8590326905250549},"size":365.8267517089844,"orthographic":true}